Track name, Artist name, Album, Playlist name, Type, ISRC
Danger,Beauty Brain,Danger,jue,Playlist track,ESA011705920
Black Mambo,Glass Animals,ZABA,jue,Playlist track,GBUM71303835
Little Woman,Twin Shadow,Caer,jue,Playlist track,USWB11702157
Rising,Sofa Surfers,20,jue,Playlist track,ATSJ91700003
Komorebi,Sailor & I,Komorebi,jue,Playlist track,DEN961900620
Odyssey,Rival Consoles,Odyssey / Sonne,jue,Playlist track,GBWZD1506901
East London Street - Drums Only Version,Hidden Orchestra,East London Street (Edit),jue,Playlist track,GBEUE1700164
Safe Changes,Talaboman,The Night Land,jue,Playlist track,BEZ351700010
Mortise and Tenon,Suuns,Hold/Still,jue,Playlist track,US38W1632905
The Blame Game,HVOB,Silk,jue,Playlist track,DEUE11702213
Digging a Tunnel,sir Was,Digging a Tunnel,jue,Playlist track,DED621600053
Where Do I Begin - Radio Edit,The Chemical Brothers,Where Do I Begin,jue,Playlist track,GBAAA9710628
Outer Space,Chloé,Endless Revisions,jue,Playlist track,FR9W11710784
Give It Your Choir,Mark Pritchard,Under The Sun,jue,Playlist track,GBBPW1500235
Regrets,Saint DX,Regrets,jue,Playlist track,FR6P11703590
Another Dub in the Sun,Jagwar Ma,Another Day in the Sun,jue,Playlist track,GBX721500264
Morning Yawn,Febueder,Morning Yawn,jue,Playlist track,GBKPL1779400
Pale Blue Dot,Roger Goula,Overview Effect,jue,Playlist track,UKESQ1600006
Wall of Confusion,Fellini Félin,Wall of Confusion,jue,Playlist track,FR9Z61700004
The Devil's Palace - Live at RAK,Wild Beasts,Last Night All My Dreams Came True,jue,Playlist track,GBCEL1700685
New Song (Soulwax Remix),Warpaint,New Song (Soulwax Remix),jue,Playlist track,GBCVZ1600111
Lovely Blonde,Sébastien Tellier,A Girl Is a Gun (Music from the Original Series),jue,Playlist track,FRS711700390
I Don't Know,WhoMadeWho,Through the Walls,jue,Playlist track,DETO31700293
Inspiration!,W. H. Lung,Incidental Music,jue,Playlist track,GBJGV1900003
New Light of Tomorrow,Husky Rescue,Country Falls,jue,Playlist track,GBCFV0400009
Slow Glow,Fait,Atmosphere,jue,Playlist track,TCABW1455099
Everything Is Never Enough - Chris Liebing Burn Slow Remix,Goldfrapp,Silver Eye (Deluxe Edition),jue,Playlist track,GBR8R1700254
Indie Rose,"Overhead, The Albatross",Learning To Growl,jue,Playlist track,IENCX1600001
Resume - Rerecorded Version,Klangstof,Resume,jue,Playlist track,USWB11701606
Into Dimensions,IRAH,Into Dimensions,jue,Playlist track,DKPF51600701
Hyperborea,Sans Parade,Artefacts,jue,Playlist track,FISR61500007
Who We Are,You Man,Spectrum of Love,jue,Playlist track,FR59R1686691
Get Happy,Blue Hawaii,Get Happy,jue,Playlist track,CA21O1400061
Heavy Medidation,Zombie Zombie,Livity,jue,Playlist track,FR08Q1700031
Malfunction (Edit),Cavern of Anti-Matter,Malfunction (Edit),jue,Playlist track,GB5P51800080
Livity,Zombie Zombie,Livity,jue,Playlist track,FR08Q1700026
Half Asleep,Yeasayer,Amen & Goodbye,jue,Playlist track,GBR8R1500441
Roads - Bullion Remix,Westerman,Roads (Bullion Remix),jue,Playlist track,UKGUH1700405
Sound - Vicarious Bliss Remix,Télépopmusik,Sound,jue,Playlist track,FR10S1435937
Malda,Solo Ansamblis,Roboxai,jue,Playlist track,FR10S1642732
White Walls,The KVB,Of Desire,jue,Playlist track,UK8KZ1500128
The Fantastic Tale of Dr. Moog and the Birth of the Shimmering Beast,I Monster,Bright Sparks,jue,Playlist track,GBYTP1500001
Colours,Ryan Vail,Colours,jue,Playlist track,GBSZ61900043
Rule 110 - Synkro Remix,Max Cooper,One Hundred Billion Sparks Remixed,jue,Playlist track,GB45A1801396
Sunday,Foals,Part 1 Everything Not Saved Will Be Lost,jue,Playlist track,GBAHT1800799
Panama - Edit,HVOB,Panama (Edit),jue,Playlist track,GBENL1902413
Beatx,Lali Puna,Being Water,jue,Playlist track,DEX261916604
Taubira,Dombrance,Taubira,jue,Playlist track,FR7KP1800020
Never Quite Right,Kraków Loves Adana,Call Yourself New,jue,Playlist track,USQY51700034
Between Waves,The Album Leaf,Between Waves (Deluxe Version),jue,Playlist track,US2641634608
2000 Elefanten,Die Wilde Jagd,Uhrwald Orange,jue,Playlist track,DELI51802439
Apple Day,Joon Moon,Moonshine Corner,jue,Playlist track,FR13Z1500020
L&G Psychedlic,Almunia,New Moon,jue,Playlist track,GBSWL1000058
Agree,POLIÇA,Music For the Long Emergency,jue,Playlist track,GBKZV1700098
January Tape Part 4,Cut Copy,January Tape,jue,Playlist track,AUQJ31600334
Perdonare,Alessandro Cortini,AVANTI,jue,Playlist track,GBPVV1701869
A Luminous Beam,Portico Quartet,Art In The Age Of Automation,jue,Playlist track,GBVTB1718006
Now We're Ready to Spend,VoX LoW,Vox Low,jue,Playlist track,FROQ11700679
Landscape of Love,Lulu Rouge,The Song Is in the Drum,jue,Playlist track,DKUM71300377
Caught in a Wave,Simian Mobile Disco,Murmurations,jue,Playlist track,GBDNH1700065
Carry,Martyn Heyne,Electric Intervals,jue,Playlist track,DEG931701157
Perfect Coffee,Kate Tempest,Let Them Eat Chaos,jue,Playlist track,GB2DY1600188
Kelso Dunes,Floating Points,Reflections - Mojave Desert,jue,Playlist track,UKCFH1700004
Let It Go By,Fiora,Let It Go By,jue,Playlist track,FR10S1783141
Release,Rich Aucoin,Release,jue,Playlist track,CA2OS1700011
Celebration Blue,Hello Psychaleppo,Ha!,jue,Playlist track,ushm81524798
Geriye Dönemiyor,Jakuzi,Fantezi Müzik,jue,Playlist track,DED621700048
Omónia,Von Spar,Garzweiler,jue,Playlist track,DEX261766304
Leaning On Myself,Anna Of The North,Leaning On Myself,jue,Playlist track,QMCE31902191
Still Life,Lowly,Heba,jue,Playlist track,GBBRP1756801
Exit,Black Atlass,Haunted Paradise,jue,Playlist track,QMSDU1600104
Already Dark,Bad Stream,Bad Stream,jue,Playlist track,DEZ651717966
Aspen,Bluszcz,Junior,jue,Playlist track,PLL021700012
Non Believer - Groove Armada's Revival Edit,London Grammar,Non Believer (Remixes),jue,Playlist track,GBCEN1700226
And Finally We're Glacier,Ah! Kosmos,Bastards,jue,Playlist track,DERK91522906
Shine,Andreas Doif,Shine,jue,Playlist track,NOOTB1705010
Landscapes - Original,Idioma,Landscapes,jue,Playlist track,GBUVB0900001
Los Angeles,The Toxic Avenger,Los Angeles,jue,Playlist track,FR8V41700019
Mr Mistake - Boards of Canada Remix / Instrumental,Nevermen,Mr Mistake (Boards of Canada Remix) (Instrumental),jue,Playlist track,GBMYF1700001
All the Troubled Hearts (feat. Daudi Matsiko),Hiatus,All the Troubled Hearts,jue,Playlist track,GBS9G1700045
In My Head,Superpitcher,Faze #79: Miyagi,jue,Playlist track,DEU671700132
Step Ahead,UNEQUAL,Step Ahead,jue,Playlist track,GBBGB1700034
Unfinished Colours (feat. Other),Parra for Cuva,Mood in C,jue,Playlist track,DEQ121745037
Holding on for Life - Solomun Remix,Broken Bells,Holding On for Life (Solomun Remix),jue,Playlist track,USSM11401577
Patience,ALASKALASKA,Patience,jue,Playlist track,GBX721700064
Bleak,Death Machine,Cocoon,jue,Playlist track,DKE341700103
Ar.Mour,UNKLE,Ar.Mour,jue,Playlist track,QM6P41880425
Collide,St Francis Hotel,Collide,jue,Playlist track,QMEU31820285
A Spectrum of Black Lights,Red Mecca,A Spectrum of Black Lights,jue,Playlist track,SELIA1800601
Fast II,All XS,Fast Slow Fast,jue,Playlist track,CHA011800408
Get Out Get Out Get Out,DM Stith,Get Out Get Out Get Out,jue,Playlist track,QZES81842673
Bushmills,Yppah,Tiny Pause,jue,Playlist track,GBCFB1503906
On My Own,Ulrich Schnauss,A Strangely Isolated Place,jue,Playlist track,GBBPF0701708
"Melody Day (Four Tet Remix feat. Luke Lalonde, Adem & One Little Plane) - Mixed",Caribou,DJ-Kicks (DJ Tennis) [Mixed Tracks],jue,Playlist track,DEG931791852
Deadly Valentine,Charlotte Gainsbourg,Rest,jue,Playlist track,FR6P11701900
Day Old Death,Makeness,Loud Patterns,jue,Playlist track,US38W1835307
Burning Up,Alpinestars,White Noise,jue,Playlist track,GBEPN0200024
'64 aka Go,Lemon Jelly,'64-'95,jue,Playlist track,GBBKS0400098
Golden Hands,Yuksek,Nous Horizon,jue,Playlist track,FRPHR1600080
Void & Form (feat. Joel Wells) - Trentemøller Remix,Toydrum,My Eye on You (To Reinvision),jue,Playlist track,GB6J41600108
Make Me Better - UNKLE Reconstruction,Ten Fé,Make Me Better (UNKLE Reconstruction),jue,Playlist track,GBR9M1500051
Summertime,A House In The Trees,Summertime,jue,Playlist track,UKDUS1700017
Halfway to Nowhere - David Julyan Remix,Chelou,Halfway to Nowhere (David Julyan Remix),jue,Playlist track,GBKPL1778887
Choke,Daddy Was a Milkman,Intimate Us,jue,Playlist track,QZES51841516
Howling - Sofi Tukker Remix,RY X,Howling (Sofi Tukker Remix),jue,Playlist track,USC4R1602045
Key to Life,Kauf,Regrowth,jue,Playlist track,GBKPL1671523
Crystal Love,Rysy,Father,jue,Playlist track,PLI861600159
Chameleon,Sailor & I,The Invention of Loneliness,jue,Playlist track,GB5KW1601999
Light,Lynette Williams,Light,jue,Playlist track,TCADA1766725
Who We Are,Hans Atom,Who We Are,jue,Playlist track,ESA011715232
Rongorongo - Arp Aubert Remix,Me Succeeds,Rongorongo Remixed,jue,Playlist track,DEU671301703
Where Did You Go,Electric Youth,Breathing (Original Motion Picture Soundtrack from a Lost Film),jue,Playlist track,FRZ811707098
Cold Wave,Dear Criminals,Another Picture,jue,Playlist track,CAGU51600033
Teardrop,Monakr,Teardrop,jue,Playlist track,TCADB1780361
Cuppa,Easter,Cuppa,jue,Playlist track,ushm81738464
Anything Anytime,DJ Hell,Zukunftsmusik,jue,Playlist track,DEAR41769294
Days,Weval,Weval,jue,Playlist track,DEU671600088
Fur,Helmut,Our Walls,jue,Playlist track,DELJ81744176
Dangerous,Kutiman,6 A.M.,jue,Playlist track,IL5001600206
Debbie Harry,NEWMEN,Debbie Harry,jue,Playlist track,DEEK21710112
No One Wants It to Happen to You - Bayonne Remix,Small Black,Best Blues Remix EP,jue,Playlist track,US38Y1526915
My Girl Drinks Coffee,Sam Brookes,My Girl Drinks Coffee,jue,Playlist track,UK5L21700001
Told You - Baio Remix,Wilsen,Told You (Baio Remix),jue,Playlist track,CA0RZ1700051
Play House,UTO,Play House,jue,Playlist track,FR59R1785724
Tailwhip,Men I Trust,Tailwhip,jue,Playlist track,TCADF1750478
Physique Pictorial,NEWMEN,Soft Ware,jue,Playlist track,DEEK21810007
Stop (WWW) - Radio Edit,Justice,Stop (WWW) [Radio Edit],jue,Playlist track,FR8EU1800310
Happy Man,Jungle,Happy Man,jue,Playlist track,GBBKS1800056
Duty to the Last - Throwing Snow Remix,Neil Cowley Trio,Spacebound Tapes,jue,Playlist track,GB45A1700865
Flashlight,Örvar Smárason,Light Is Liquid,jue,Playlist track,DEX261816103
Little Dark Age - Ghost Vision Remix,MGMT,Little Dark Age (Ghost Vision Remix),jue,Playlist track,USSM11804682
True Love,Otzeki,Binary Childhood,jue,Playlist track,GBKPL1899911
Last Dance,Scratch Massive,Last Dance,jue,Playlist track,QZ4K31600120
This Is Your Life,BirdPen,This Is Your Life,jue,Playlist track,GBGA61800001
Put The Love In It,New Jackson,From Night To Night,jue,Playlist track,IEBAE1700042
Time,Pachanga Boys,Subliminal Sessions 2017 (Mixed by Erick Morillo),jue,Playlist track,NLF711708986
Recall,Chloé,Endless Revisions,jue,Playlist track,FR9W11710782
The Golden Cage - Original Mix,Henry Saiz,The Golden Cage,jue,Playlist track,GBR5R1300311
Requiem - Single,shey baba,Requiem - Single,jue,Playlist track,QM24S1703717
In the Middle,Camp Claude,Swimming Lessons,jue,Playlist track,FR10S1630930
New Dawn,Moon Duo,Occult Architecture Vol. 2,jue,Playlist track,US5NR1616901
ZeroFrame,When Saints Go Machine,It's A Mad Love,jue,Playlist track,GBGLW1800069
I Don't Know - Single Version,WhoMadeWho,I Don't Know,jue,Playlist track,DETO31700298
Mother,East of My Youth,Mother,jue,Playlist track,TCACO1639359
Ruins,aYia,Ruins,jue,Playlist track,ISW211700201
Somewhere,Regards Coupables,Somewhere,jue,Playlist track,FR2X41774919
Saltlick (Homeless Remix),Len Sander,Saltlick (Homeless Remix),jue,Playlist track,CH4131700001
Certain Angles,DJ Tennis,Certain Angles,jue,Playlist track,DEG931791873
Le départ - Version acoustique,L'Impératrice,Odyssée (Version acoustique),jue,Playlist track,FR9W11621719
Deep Dream,Lali Puna,Deep Dream,jue,Playlist track,DEX261715602
The Sun Will Open Its Core,Sleep Party People,Lingering,jue,Playlist track,USJZA1722409
In Trouble for Good,Animal Husbandry,In Trouble for Good,jue,Playlist track,GB2ME1701763
Sunshine Crawlers,Haunted Mansions,Sunshine Crawlers,jue,Playlist track,NODAX1715501
Recto Verso - Metronomy Remix,Paradis,Recto Versions,jue,Playlist track,FRUM71700353
YAJNA,KÁRYYN,QUANTA 11,jue,Playlist track,GBKPL1782300
Wolves,Digitalism,Wolves,jue,Playlist track,GBPVV1400898
Fractured,Lunatic Soul,Fractured,jue,Playlist track,GBCQV1714778
Better,Azusena,Better,jue,Playlist track,GBUM71701057
Burn It All Out,All We Are,Sunny Hills,jue,Playlist track,GBCEL1700069
Icarus,O Mer,Icarus,jue,Playlist track,QM6MZ1781183
Closing Time,Little Cub,Still Life,jue,Playlist track,GBCEL1600065
Since Forever,GENTS,About Time,jue,Playlist track,DKRU41700201
Signals,Desert Sound Colony,Signals,jue,Playlist track,GBVHV1500052
Bad Night at Black's Beach,L.A. Takedown,II,jue,Playlist track,GBCEL1600402
Verdict,Public Memory,Veil of Counsel,jue,Playlist track,QMGEB1704001
One Day,Jeppe Kjellberg,Circles,jue,Playlist track,DKCU61700103
Weak,Maya Jane Coles,Weak / Werk,jue,Playlist track,GB5KW1701371
Hardwire,Sofa Surfers,Blindside,jue,Playlist track,ATSJ91000002
Dark Day,Nitin Sawhney,Dystopian Dream,jue,Playlist track,UKCHH1500003
Grass Under Your Feet,Sofa Surfers,"Scrambles, Anthems and Odysseys",jue,Playlist track,ATSJ91500020
Beyonder Girl,Sofa Surfers,"Scrambles, Anthems and Odysseys",jue,Playlist track,ATSJ91500021
Bread and Circuses,Sofa Surfers,"Scrambles, Anthems and Odysseys",jue,Playlist track,ATSJ91500022
Most Dangerous Man Alive,Sofa Surfers,"Scrambles, Anthems and Odysseys",jue,Playlist track,ATSJ91500023
Scramble,Sofa Surfers,"Scrambles, Anthems and Odysseys",jue,Playlist track,ATSJ91500024
Woody's Ballad,Sofa Surfers,"Scrambles, Anthems and Odysseys",jue,Playlist track,ATSJ91500026
Mongrel,Sofa Surfers,"Scrambles, Anthems and Odysseys",jue,Playlist track,ATSJ91500027
Raven-Us,Sofa Surfers,"Scrambles, Anthems and Odysseys",jue,Playlist track,ATSJ91500028
Skins,Sofa Surfers,"Scrambles, Anthems and Odysseys",jue,Playlist track,ATSJ91500029
The Fixer (Refixed),Sofa Surfers,"Scrambles, Anthems and Odysseys",jue,Playlist track,ATSJ91500030
All,Sofa Surfers,"Scrambles, Anthems and Odysseys",jue,Playlist track,ATSJ91500031
Paranoid Triggerfinger,Sofa Surfers,"Scrambles, Anthems and Odysseys",jue,Playlist track,ATSJ91500025
Chant One,Tim Bowness,"California, Norfolk (Deluxe)",jue,Playlist track,GBKRW1300107
Play,Flunk,Music From The O.C. Mix 4,jue,Playlist track,USRHD0530329
Je veux te voir,Yelle,Pop Up,jue,Playlist track,FRZ110701305
Goodnight Transmission,Soulwax,FROM DEEWEE,jue,Playlist track,GBENL1701820
Porcelain,Demians,Mute,jue,Playlist track,GBDHC1052103
Sleepwalkers,Riverside,Eye of the Soundscape,jue,Playlist track,GBDHC1677403
Body Talk,Escort,Animal Nature,jue,Playlist track,QMWA21500001
Home,LCD Soundsystem,This Is Happening,jue,Playlist track,US4GE1000027
Hello? Is This Thing On?,!!!,Louden Up Now,jue,Playlist track,USTG30423405
Compass Point,Holy Ghost!,Crime Cutz,jue,Playlist track,US4GE1600011
Counting Out,Blueneck,King Nine,jue,Playlist track,DERK91421201
Sirens,Blueneck,King Nine,jue,Playlist track,DERK91421202
King Nine,Blueneck,King Nine,jue,Playlist track,DERK91421203
Man of Lies,Blueneck,King Nine,jue,Playlist track,DERK91421204
Broken Fingers,Blueneck,King Nine,jue,Playlist track,DERK91421205
"Father, Sister",Blueneck,King Nine,jue,Playlist track,DERK91421206
Spiderlegs,Blueneck,King Nine,jue,Playlist track,DERK91421207
Mutatis,Blueneck,King Nine,jue,Playlist track,DERK91421208
Anything Other Than Breathing,Blueneck,King Nine,jue,Playlist track,DERK91421209
Over,Honors,Over,jue,Playlist track,TCACT1655100
September,Henry Saiz,Balance presents Natura Sonoris,jue,Playlist track,AUXN21721628
Soak,Zola Jesus,Soak,jue,Playlist track,US5NR1718403
"You in My Dream, Pt. 1",GEMS,"You in My Dream, Pt. 1",jue,Playlist track,USM6V1700002
Lost and Found,Dardust,Lost and Found,jue,Playlist track,ITK251710120
I Bow Down,Pixx,The Age of Anxiety,jue,Playlist track,GBAFL1700001
JJ,MNKYBSNSS,TIMELESS,jue,Playlist track,COSO11700008
Dear John - Single Edit,I Monster,Dear John EP,jue,Playlist track,GBYTP0800039
Neptune,James McAlister,Planetarium,jue,Playlist track,GBAFL1700074
I Lied,Telefon Tel Aviv,Map of What Is Effortless,jue,Playlist track,USA330304202
You,Weekend Wolves,You,jue,Playlist track,QM4DW1716997
Strange Or Be Forgotten - Jono Ma Even Stranger Version,Temples,Strange Or Be Forgottten (Jono Ma Even Stranger Version),jue,Playlist track,GBPVV1701805
Pray the Light,Faces on TV,Traveling Blind,jue,Playlist track,BEO721601604
Billy,Pale Grey,Billy,jue,Playlist track,BEC631700032
Put Your Money on Me,Arcade Fire,Everything Now,jue,Playlist track,GBARL1700821
Still Counts,POLIÇA,Lipstick Stains / Still Counts,jue,Playlist track,GBKPL1778925
Mesmerized,Throes Of Dawn,Our Voices Shall Remain,jue,Playlist track,FITDW1600001
Reaching Out,The Pineapple Thief,All the Wars (Deluxe Edition),jue,Playlist track,GBCQV1250053
Apricot,Tides from nebula,Aura,jue,Playlist track,PLG251200137
That Shore,The Pineapple Thief,Your Wilderness,jue,Playlist track,GBCQV1600295
From 44 to 48,Blackfield,Blackfield V,jue,Playlist track,GBCQV1600567
Sapphire,Demians,Building An Empire,jue,Playlist track,GBDHC0929603
We Used to Speak in Colours,Throes Of Dawn,Our Voices Shall Remain,jue,Playlist track,FITDW1600002
Somewhere,BirdPen,In The Company Of Imaginary Friends,jue,Playlist track,GBGA61400002
Off,BirdPen,On/Off/Safety/Danger,jue,Playlist track,FR6V80828968
O' Mighty Vision,BirdPen,O' Mighty Vision,jue,Playlist track,GBGA61600001
Tookit - Danny Gee Remix,BirdPen,Tookit,jue,Playlist track,GBGA61600012
Homebound,Amtrac,Homebound,jue,Playlist track,DEGL61700355
Corridors,Baasch,Corridors,jue,Playlist track,PLL071500004
Gimme Some,Weval,Easier,jue,Playlist track,DEU671400283
Resolution for Solitude,Kiko King & creativemaze,Gnothi Seauton,jue,Playlist track,DETL41500114
I'm Not Him,Warhaus,We Fucked a Flame into Being,jue,Playlist track,GBENL1601598
Hinterland,BEA1991,Songs of 2k11,jue,Playlist track,GBKPL1560675
Dirt,Dooxs,Dirt,jue,Playlist track,TCACM1673973
On A Wire (feat. Elle J),UNKLE,Where Did the Night Fall (Deluxe Edition),jue,Playlist track,GBPYR1000176
The Answer (feat. Big In Japan (Baltimore) ),UNKLE,Where Did the Night Fall (Deluxe Edition),jue,Playlist track,GBPYR1000175
Follow Me Down (feat. Sleepy Sun),UNKLE,Where Did the Night Fall (Deluxe Edition),jue,Playlist track,GBPYR1000172
Bring It On (path To The Mind And The Soul And The Spirit),Stereo MC's,Emperor's Nightingale,jue,Playlist track,GBJHR1100208
Rise,Doves,Lost Souls,jue,Playlist track,GBDGG0000017
Looking for the Rain,UNKLE,Looking for the Rain,jue,Playlist track,GB7QY1700088
Wasted,IDIOTAPE,11111101,jue,Playlist track,KRA031103158
Bad River,DBFC,Jenks,jue,Playlist track,GBENL1701801
Among a Hundred Faces,IDIOTAPE,Dystopian​,jue,Playlist track,KRA401700161
Stronger,Gothic Tropic,Fast or Feast,jue,Playlist track,USA2B1601738
Necessary,San Mei,Necessary,jue,Playlist track,FR59R1763691
8 Ball,Waxahatchee,Out in the Storm,jue,Playlist track,USMRG1759402
Blood Bank,Bon Iver,Blood Bank,jue,Playlist track,US38Y0913401
29 #Strafford APTS,Bon Iver,"22, A Million",jue,Playlist track,US38Y1630005
Move,Saint Motel,saintmotelevision,jue,Playlist track,USAT21601952
Starf***er,K.Flay,What If It Is,jue,Playlist track,USRC11300983
Don't Play No Game That I Can't Win - K. Flay Remix,Beastie Boys,Don't Play No Game That I Can't Win (Remix EP) [feat. Santigold],jue,Playlist track,USCA21101521
Seminole,NoMBe,Change of Hearts,jue,Playlist track,TCACB1442705
Another Case,Tora,Another Case,jue,Playlist track,AUOPK1700002
Dusk Till Dawn,Ladyhawke,Ladyhawke,jue,Playlist track,GBUM70811315
A Love Song,Ladyhawke,Wild Things,jue,Playlist track,US3R41631801
Deep Blue,Ladytron,Velocifero,jue,Playlist track,CAN110800031
Nature Of Inviting,IAMX,Kingdom Of Welcome Addiction,jue,Playlist track,GBHAQ0900001
Dying City Remix,Kap Bambino,Frustration (Dying Cities Remix),jue,Playlist track,FR6V82473364
Heavy,RAC,EGO,jue,Playlist track,GBCFB1700098
On My Side,Gordi,On My Side,jue,Playlist track,US38Y1728803
Hero,Camp Claude,Hero,jue,Playlist track,FR96X1645925
Swim,Her,Swim,jue,Playlist track,FR9W11703260
99,Elliot Moss,Boomerang,jue,Playlist track,QMLD61404242
Aquarium,Agar Agar,Cardan,jue,Playlist track,FRPIN1600140
Get Back In The Car,Chroma Key,You Go Now,jue,Playlist track,ushm90459669
Evermore,Grandaddy,Last Place,jue,Playlist track,USSM11609270
Carry Me To Safety,Mew,Visuals,jue,Playlist track,GBENL1701784
Black Rainbow Woman - The Black Frame Remix,Rebolledo,Mondo Re-Alterado,jue,Playlist track,DEU671700119
Is This Ready?,Sleep Thieves,Is This Ready?,jue,Playlist track,IEFIV1700001
Holy Love,Compact Disk Dummies,Holy Love,jue,Playlist track,BEAC51601007
Voodoo,Bazart,Echo,jue,Playlist track,BEP011611029
Face It,VRWRK,Face It,jue,Playlist track,GBKPL1777027
Against the Rich,Warhaus,We Fucked a Flame into Being,jue,Playlist track,GBENL1601600
Default,Django Django,Django Django,jue,Playlist track,GBMVH1100350
Abesses,Birdy Nam Nam,Birdy Nam Nam,jue,Playlist track,FRQ040500079
Raid the Radio,General Elektriks,Good City for Dreamers (Deluxe Edition),jue,Playlist track,USR8J0800002
The Farewell Courtyard,FEYNMAN,Air,jue,Playlist track,FR9W11607822
Be Mine,Ofenbach,Be Mine,jue,Playlist track,FR9W11620052
Teenage Sensation,GusGus,This Is Normal,jue,Playlist track,GBAFL9800211
The Gun,Poni Hoax,Tropical Suite,jue,Playlist track,FR2FD1600045
Earth Not Above,HÆLOS,Full Circle,jue,Playlist track,USMTD1506354
Superluminal,Sofa Surfers,Superluminal,jue,Playlist track,ATSJ91200009
Crusoe Takes a Trip,Red Snapper,Prince Blimey,jue,Playlist track,GBBPW9600147
Changes Come,GusGus,Arabian Horse,jue,Playlist track,DEU671100055
Cloud Nine,HÆLOS,Full Circle,jue,Playlist track,USMTD1506423
Deceive feat. Sune Rose Wagner,Trentemøller,Lost,jue,Playlist track,DEL021370059
Memory,Rone,Creatures,jue,Playlist track,FRT091400085
Airwaves,GusGus,Mexico,jue,Playlist track,DEU671400099
The False Foundation,Archive,The False Foundation,jue,Playlist track,GBPVV1601395
Blue Faces,Archive,The False Foundation,jue,Playlist track,GBPVV1601392
Graffiti Artist Reel 1/1,Kid Loco,The Graffiti Artist: Original Soundtrack by Kid Loco - A Film By James Bolton,jue,Playlist track,FRQ261700002
This Light,Girls In Hawaii,This Light,jue,Playlist track,BEY911700012
Lights,Archive,Lights,jue,Playlist track,GBEYA0600089
Queen Of The Underground,Flunk,Lost Causes,jue,Playlist track,NOMEA1205010
Fend for Yourself,The Pineapple Thief,Your Wilderness,jue,Playlist track,GBCQV1600297
Only Child,Steven Wilson,Insurgentes (2016 Remaster),jue,Playlist track,GBCQV1600339
The Background World,Nine Inch Nails,Add Violence,jue,Playlist track,TCADE1704659
Motion Sickness,Phoebe Bridgers,Motion Sickness,jue,Playlist track,USJ5G1714202
Peacemaker,Animal Collective,The Painters EP,jue,Playlist track,GBCEL1500616
Kinda Bonkers,Animal Collective,The Painters EP,jue,Playlist track,GBCEL1700027
Lullaby,Blackfield,Blackfield,jue,Playlist track,USA560567356
Scars,Blackfield,Blackfield,jue,Playlist track,USA560567355
Open Mind,Blackfield,Blackfield,jue,Playlist track,USA560567352
Black Mambo,Glass Animals,ZABA,jue,Playlist track,GBUM71303835
Knock Knock Knock,Spoon,They Want My Soul,jue,Playlist track,USUG11400504
This Head I Hold,Electric Guest,Mondo,jue,Playlist track,USCJ81100776
Die Young,Sylvan Esso,What Now,jue,Playlist track,USC4R1702072
Turning The Screw,Generationals,Turning The Screw,jue,Playlist track,US3R41740601
Pork Soda,Glass Animals,How To Be A Human Being,jue,Playlist track,GB2DY1600025
Deep Six Textbook,Let's Eat Grandma,"I, Gemini",jue,Playlist track,GBKZV1600001
anemone,slenderbodies,fabulist,jue,Playlist track,DEVF11700096
Let Go,The Japanese Popstars,Controlling Your Allegiance,jue,Playlist track,GBAAA1000361
Love is Gonna Save Us (Original) - Benny Benassi Presents The Biz,Benny Benassi,Hypnotica (Benny Benassi Presents The Biz),jue,Playlist track,IT00D0301701
Anymore,Goldfrapp,Anymore,jue,Playlist track,GBR8R1600426
Emerge,Fischerspooner,#1,jue,Playlist track,USFS20200002
Hallo Spaceboy (with the Pet Shop Boys) - Pet Shop Boys Remix,David Bowie,Best Of Bowie,jue,Playlist track,USRF30200022
Danger,Beauty Brain,Danger,jue,Playlist track,ESA011705920
I Want to Make Out at the Gay Club,NVDES,Life with Lobsters,jue,Playlist track,GBKPL1672573
Hula Hoop 8000 - Radio edit,Monarchy,Hula Hoop 8000,jue,Playlist track,ES5151701107
Controller (feat. Faris Badwan) - Radio Edit,Hercules & Love Affair,Controller (feat. Faris Badwan) [Radio Edit],jue,Playlist track,USAT21700156
On'n'On,Justice,"Audio, Video, Disco.",jue,Playlist track,FR0NT1100850
Open,Com Truise,In Decay,jue,Playlist track,US2J71206001
Stem / Long Stem - Medley,DJ Shadow,Endtroducing.....,jue,Playlist track,GBAQH9600069
Talk 2 Me (Sloslylove Remix) [feat. Sloslylove & Kerry Roy],Psymun,Pink Label,jue,Playlist track,TCABX1421008
Affection,Cigarettes After Sex,Affection,jue,Playlist track,TCACJ1596829
Shoulder Angel,Tosca,Going Going Going,jue,Playlist track,DEG931700991
Arrow Flight,Boy & Bear,Harlequin Dream,jue,Playlist track,AUUM71300838
Sort Of Revolution,Fink,Sort of Revolution,jue,Playlist track,GBCFB0901200
Young,Vallis Alps,Vallis Alps,jue,Playlist track,UST8K1500853
Warm Shadow,Fink,Perfect Darkness,jue,Playlist track,GBCFB1102105
Noise Above Our Heads,James Blake,The Colour In Anything,jue,Playlist track,GBUM71602641
Hell to the Liars,London Grammar,Truth Is a Beautiful Thing (Deluxe),jue,Playlist track,GBCEN1700115
Hey Now,London Grammar,If You Wait (Deluxe Edition),jue,Playlist track,GBCEN1300088
Oh Woman Oh Man,London Grammar,Truth Is a Beautiful Thing (Deluxe),jue,Playlist track,GBCEN1700107
Insomnia - Monster Mix,Faithless,Forever Faithless: The Greatest Hits,jue,Playlist track,GBBXH9820028
Mass Destruction - Single Version,Faithless,Forever Faithless: The Greatest Hits,jue,Playlist track,GBBXH0400015
God Is a DJ,Faithless,Forever Faithless: The Greatest Hits,jue,Playlist track,USAR19800589
Don't Leave,Faithless,Forever Faithless: The Greatest Hits,jue,Playlist track,GBBXH9820024
Muhammad Ali - Radio Edit,Faithless,Forever Faithless: The Greatest Hits,jue,Playlist track,GBBXH0100077
We Come 1 - Radio Edit,Faithless,Forever Faithless: The Greatest Hits,jue,Playlist track,GBBXH0100037
Reverence - Radio Edit,Faithless,Forever Faithless: The Greatest Hits,jue,Playlist track,GBBXH9820029
Even The Waves,Chroma Key,Dead Air for Radios,jue,Playlist track,ushm90459679
There Were Days (Smiler at 52) - Grasscut Mix,Tim Bowness,Abandoned Dancehall Dreams,jue,Playlist track,GBDHC1468109
Terminal,OSI,Blood,jue,Playlist track,GBCQV1600452
Stockholm,OSI,Blood,jue,Playlist track,GBCQV1600458
Wanderings,Lunatic Soul,Lunatic Soul II,jue,Playlist track,GBCQV0901085
Light (feat. Rachel Dey),Gavin Harrison,Light (Original Soundtrack),jue,Playlist track,USDHM1416615
International Dateline,Ladytron,Best of 00-10 [Deluxe Edition],jue,Playlist track,CAN111000316
Reckless,Crystal Castles,Crystal Castles,jue,Playlist track,CAL450896214
M'aidez,Sneaker Pimps,Bloodsport,jue,Playlist track,USTB10100327
Monument - The Inevitable End Version,Röyksopp,The Inevitable End,jue,Playlist track,GBW231400027
I'm Not Done,Fever Ray,Fever Ray (Deluxe Edition),jue,Playlist track,SEWCE0900208
Keep the Streets Empty For Me,Fever Ray,Fever Ray (Deluxe Edition),jue,Playlist track,SEWCE0900209
Mass Destruction - Single Version,Faithless,Forever Faithless: The Greatest Hits,jue,Playlist track,GBBXH0400015
Don't Leave,Faithless,Forever Faithless: The Greatest Hits,jue,Playlist track,GBBXH9820024
Muhammad Ali - Radio Edit,Faithless,Forever Faithless: The Greatest Hits,jue,Playlist track,GBBXH0100077
We Come 1 - Radio Edit,Faithless,Forever Faithless: The Greatest Hits,jue,Playlist track,GBBXH0100037
Reverence - Radio Edit,Faithless,Forever Faithless: The Greatest Hits,jue,Playlist track,GBBXH9820029
Salva Mea,Faithless,Forever Faithless: The Greatest Hits,jue,Playlist track,GBBXH9920071
One Step Too Far - Radio Edit,Faithless,Forever Faithless: The Greatest Hits,jue,Playlist track,GBBXH0200017
Bring My Family Back,Faithless,Forever Faithless: The Greatest Hits,jue,Playlist track,GBBXH0500018
"Miss U Less, See U More - Single Mix",Faithless,Forever Faithless: The Greatest Hits,jue,Playlist track,GBBXH0400077
Tarantula,Faithless,Forever Faithless: The Greatest Hits,jue,Playlist track,GBBXH0100033
Reasons,Faithless,Forever Faithless: The Greatest Hits,jue,Playlist track,GBBXH0500019
Why Go?,Faithless,Forever Faithless: The Greatest Hits,jue,Playlist track,GBBXH0500021
